ページ名,ステータス,ログ,カード枚数
エッケ（ハイ）,異常,"足りない画像があります: エッケ（ハイ）-ブラック, エッケ（ハイ）-ナチュラル",0
エッケ（ロー）,異常,"足りない画像があります: エッケ（ロー）-ブラック, エッケ（ロー）-ナチュラル",0
カルムS,異常,"足りない画像があります: カルムS-ブラック, カルムS-ホワイト",0
カルムSD/D,異常,"足りない画像があります: カルムD-ホワイト, カルムSD-ホワイト",0
キャビット4段,異常,"足りない画像があります: キャビット4段80cm×30cm-ブラック, キャビット4段80cm×30cm-ホワイト, キャビット4段100cm×40cm-ブラック 他5件",0
キャビット4段 奥行き50cm,異常,"足りない画像があります: キャビット4段120cm×50cm-ブラック, キャビット4段120cm×50cm-ホワイト",0
キャビット5段,異常,"足りない画像があります: キャビット5段100cm×40cm-ブラック, キャビット5段100cm×40cm-ホワイト, キャビット5段120cm×40cm-ブラック 他5件",0
キャビット5段 奥行き50cm,異常,"足りない画像があります: キャビット5段120cm×50cm-ブラック, キャビット5段120cm×50cm-ホワイト",0
クオリ3点セット,異常,"足りない画像があります: クオリ3点セット-ブラック, クオリ3点セット-ナチュラル",0
クオリ5点セット,異常,"足りない画像があります: クオリ5点セット-ブラック, クオリ5点セット-ナチュラル",0
ラーザ110cm,異常,"足りない画像があります: ラーザ110cm-ナチュラル, ラーザ110cm-ブラウン",0
ラーザ4脚セット,異常,"足りない画像があります: ラーザ4脚セット-ナチュラル, ラーザ4脚セット-ブラウン",0
レニタハイタイプ,異常,"足りない画像があります: レニタハイ16cm-ホワイト, レニタハイ20cm-ホワイト",0
レニタロータイプ,異常,"足りない画像があります: レニタロー16cm-ホワイト, レニタロー20cm-ホワイト",0
